{"cameraMode":{"drawMode":0,"name":"Shaded","section":"Shading Mode"},"sceneLighting":true,"audioPlay":false,"sceneViewState":{"m_AlwaysRefresh":false,"showFog":true,"showSkybox":true,"showFlares":true,"showImageEffects":true,"showParticleSystems":true,"showVisualEffectGraphs":true,"m_FxEnabled":true},"in2DMode":false,"pivot":{"x":-1.1184650659561158,"y":3.799957275390625,"z":0.5995955467224121},"rotation":{"x":0.38230639696121218,"y":0.11267340183258057,"z":-0.04702078923583031,"w":0.9159340262413025},"size":2.0462944507598879,"orthographic":true}