{"cameraMode":{"drawMode":0,"name":"Shaded","section":"Shading Mode"},"sceneLighting":false,"audioPlay":false,"sceneViewState":{"m_AlwaysRefresh":false,"showFog":true,"showSkybox":false,"showFlares":true,"showImageEffects":true,"showParticleSystems":true,"showVisualEffectGraphs":true,"m_FxEnabled":true},"in2DMode":false,"pivot":{"x":0.04621510207653046,"y":0.29145097732543948,"z":0.048643559217453},"rotation":{"x":0.3438683748245239,"y":0.2659376263618469,"z":-0.10217747092247009,"w":0.8947387337684631},"size":0.40566083788871767,"orthographic":true}